,ID,Production
0,90,3901.881591796875
1,16,4990.21337890625
2,65,5997.265625
3,138,1168.8096923828125
4,166,2538.179443359375
5,252,21877.625
6,234,17171.658203125
7,306,12938.1123046875
8,274,71858.1875
9,268,671.450927734375
10,346,45265.171875
11,392,6417.2900390625
12,482,984.7271118164062
13,476,16554.33984375
14,451,5520.0673828125
15,509,4683.71044921875
16,531,7516.72607421875
17,533,6942.611328125
18,536,170.3988037109375
19,613,11278.0791015625
20,625,1278.3648681640625
21,654,15093.607421875
22,715,16828.31640625
23,681,7758.57666015625
24,693,8096.8115234375
25,791,4044.34716796875
26,838,45312.3125
27,966,1755.2861328125
28,922,12774.783203125
29,957,652.7918701171875
30,879,60847.59765625
31,939,1263.114501953125
32,933,2781.723388671875
33,1012,50151.88671875
34,1040,12252.9326171875
35,1086,5462.130859375
36,1072,7346.5537109375
37,1050,15866.0166015625
38,1081,7002.99462890625
39,1083,7516.54833984375
40,1133,37975.38671875
41,1235,1039.794677734375
42,1185,790.907958984375
43,1252,418.8363342285156
44,1348,10923.7998046875
45,1415,2279.29736328125
46,1409,5847.337890625
47,1488,15254.4970703125
48,1450,7191.486328125
49,1454,999.5757446289062
50,1499,1479.5892333984375
51,1535,4627.6064453125
52,1601,641.0953979492188
53,1596,572.2227172851562
54,1602,461.361083984375
55,1615,2074.72216796875
56,1709,22150.81640625
57,1796,715.8886108398438
58,1801,4.61285400390625
59,1890,5567.9814453125
60,1963,12080.095703125
61,1930,12775.96875
62,1986,6940.8349609375
63,2001,2210.297119140625
64,2043,3391.76513671875
65,2059,34729.94921875
66,2119,22483.150390625
67,2137,3917.2265625
68,2218,19800.681640625
69,2183,766.2903442382812
70,2250,29743.1953125
71,2378,155.38641357421875
72,2416,504.0284423828125
73,2413,612.7398071289062
74,2466,77.43171691894531
75,2485,50928.88671875
76,2469,161.5634765625
77,36,3663.9111328125
78,127,349.2777404785156
79,115,1995.63037109375
80,98,14600.302734375
81,147,1408.0462646484375
82,168,726.1538696289062
83,160,1462.4072265625
84,254,43367.17578125
85,322,23053.65234375
86,336,1579.9991455078125
87,325,37732.140625
88,345,7690.8173828125
89,391,3204.758544921875
90,414,1427.08203125
91,405,650.1138916015625
92,389,2887.34326171875
93,379,409.34588623046875
94,458,6759.34326171875
95,489,2383.042236328125
96,480,37167.51953125
97,491,26937.396484375
98,565,15771.7880859375
99,584,3835.79150390625
100,599,2861.44482421875
101,615,602.5191650390625
102,621,4733.5751953125
103,703,80301.6640625
104,740,10098.9267578125
105,832,3730.043701171875
106,784,65528.19921875
107,820,3487.36474609375
108,785,44.1275634765625
109,837,5628.8076171875
110,873,1777.837646484375
111,842,17454.376953125
112,947,8310.8125
113,1015,473.5760498046875
114,1033,13236.5068359375
115,1052,3106.1923828125
116,1103,20576.98828125
117,1132,12535.240234375
118,1112,14474.4931640625
119,1165,14673.7568359375
120,1172,13418.6279296875
121,1257,4288.73583984375
122,1275,1960.0396728515625
123,1245,11948.7578125
124,1298,5100.064453125
125,1286,5314.1416015625
126,1324,6131.28173828125
127,1428,16279.1982421875
128,1418,9576.4541015625
129,1455,14752.669921875
130,1498,931.4387817382812
131,1470,12843.3203125
132,1471,8425.728515625
133,1593,10455.333984375
134,1594,4691.59228515625
135,1612,4884.935546875
136,1691,242.37408447265625
137,1687,13293.119140625
138,1754,11582.556640625
139,1733,104150.9296875
140,1813,2859.95068359375
141,1897,17033.353515625
142,1908,912.1550903320312
143,1952,48197.17578125
144,1922,2410.311767578125
145,1939,323.3580017089844
146,2002,51070.83203125
147,1975,1486.4822998046875
148,2034,43111.12890625
149,2061,209.09117126464844
150,2032,2271.904296875
151,2153,479.7016296386719
152,2135,16034.48046875
153,2222,7880.62548828125
154,2241,16517.05859375
155,2268,100628.5390625
156,2301,16.10082244873047
157,2308,12676.8720703125
158,2297,2857.014892578125
159,2291,11113.060546875
160,2292,17528.826171875
161,2385,643.7196044921875
162,2463,51146.36328125
163,2493,29675.78125
164,2474,421.9671936035156
165,2482,6597.4755859375
166,29,23117.798828125
167,196,13616.4453125
168,186,2184.32958984375
169,218,9547.380859375
170,224,311.3304443359375
171,200,41.836143493652344
172,253,1336.7528076171875
173,279,6470.20068359375
174,284,2105.26171875
175,318,26570.484375
176,302,11.795906066894531
177,272,11692.728515625
178,404,3665.259033203125
179,443,589.2749633789062
180,486,1541.245849609375
181,514,882.0897216796875
182,498,501.758544921875
183,563,9013.486328125
184,723,11186.3662109375
185,757,17612.357421875
186,816,234.37998962402344
187,839,23306.546875
188,875,7275.87353515625
189,853,317.8518981933594
190,997,6893.5263671875
191,1069,17821.80859375
192,1105,1659.2459716796875
193,1129,87554.6015625
194,1122,5108.84130859375
195,1205,10018.9189453125
196,1227,730.889404296875
197,1382,252.01280212402344
198,1328,55776.69140625
199,1378,235.02149963378906
200,1310,17105.583984375
201,1397,801.65576171875
202,1408,2587.61572265625
203,1442,61012.59375
204,1511,13431.88671875
205,1506,8153.0126953125
206,1500,1421.2618408203125
207,1530,9033.48046875
208,1572,29158.8828125
209,1588,20070.271484375
210,1610,29355.673828125
211,1728,2689.857421875
212,1725,4043.051025390625
213,1726,737.0877685546875
214,1760,8762.7841796875
215,1747,4519.19091796875
216,1749,1911.3665771484375
217,1899,949.1329956054688
218,1956,1531.7733154296875
219,1984,16214.70703125
220,2017,2357.642333984375
221,1966,10549.935546875
222,1991,3923.553955078125
223,1989,0.5675582885742188
224,2033,1231.52294921875
225,2038,2777.47802734375
226,2035,6280.81494140625
227,2067,33409.02734375
228,2114,14270.5224609375
229,2156,6052.64501953125
230,2116,1111.1697998046875
231,2229,1.0330238342285156
232,2178,2493.7861328125
233,2238,32721.505859375
234,2275,6497.1357421875
235,2317,7452.21728515625
236,2313,18665.158203125
237,2298,5927.16796875
238,2353,10079.5595703125
239,2377,16964.4453125
240,2340,10983.4521484375
241,2357,8587.5810546875
242,2435,9446.1572265625
243,2486,348.15167236328125
244,2448,11440.505859375
245,75,25269.912109375
246,15,6411.3818359375
247,34,20785.26953125
248,85,21610.732421875
249,40,11354.66796875
250,101,10616.939453125
251,110,415.18585205078125
252,179,10284.515625
253,180,75225.84375
254,190,95678.6015625
255,215,8127.3955078125
256,205,347.7135009765625
257,225,4543.552734375
258,362,14884.046875
259,369,299.6285400390625
260,371,796.7886352539062
261,430,726.137939453125
262,393,14407.61328125
263,471,77.51432800292969
264,455,5843.97705078125
265,484,26929.384765625
266,449,25809.712890625
267,499,5431.65966796875
268,503,20224.677734375
269,517,727.7811279296875
270,512,1099.65380859375
271,562,1163.708984375
272,546,204.92066955566406
273,541,355.4906921386719
274,601,458.3485107421875
275,650,1478.726806640625
276,633,1105.9813232421875
277,630,23525.96875
278,618,34879.2734375
279,668,10629.1953125
280,724,10323.1328125
281,688,2989.373291015625
282,769,3492.908935546875
283,762,13383.84375
284,871,61365.94921875
285,865,38837.8046875
286,897,6783.02490234375
287,877,41853.40234375
288,1008,33914.953125
289,1007,18754.6953125
290,1014,44525.359375
291,1006,2522.381591796875
292,970,1269.0830078125
293,979,752.8961181640625
294,1071,14035.173828125
295,1090,654.291748046875
296,1080,9588.2421875
297,1135,6750.37744140625
298,1150,5275.52099609375
299,1143,7604.46875
300,1114,1847.05224609375
301,1199,94.56263732910156
302,1211,7047.03955078125
303,1300,8417.376953125
304,1285,239.55697631835938
305,1284,14593.6689453125
306,1305,1420.5755615234375
307,1325,4706.71533203125
308,1312,6885.1064453125
309,1447,1296.7716064453125
310,1413,7225.923828125
311,1432,1153.93798828125
312,1480,2558.48876953125
313,1528,31142.728515625
314,1570,577.8770141601562
315,1559,8281.44140625
316,1503,2743.3525390625
317,1600,3499.112548828125
318,1573,9796.3876953125
319,1578,21681.814453125
320,1655,18034.35546875
321,1660,5087.37255859375
322,1645,5225.3876953125
323,1699,10628.7314453125
324,1724,2092.81103515625
325,1775,5563.31298828125
326,1795,10956.2900390625
327,1771,12201.990234375
328,1838,571.8804321289062
329,1819,12037.703125
330,1814,1458.2647705078125
331,1798,7899.1103515625
332,1799,30508.88671875
333,1891,196.44366455078125
334,1911,1023.4957885742188
335,1895,9786.2822265625
336,1889,8765.3115234375
337,1869,49701.28515625
338,1916,3111.072998046875
339,1958,456.21563720703125
340,2122,9316.720703125
341,2083,31062.25390625
342,2221,55442.31640625
343,2197,6438.0283203125
344,2213,41525.203125
345,2257,15732.8154296875
346,2242,7014.478515625
347,2236,3577.729248046875
348,2253,4976.89404296875
349,2276,25071.517578125
350,2312,32214.517578125
351,2360,4701.439453125
352,2367,7554.900390625
353,2350,4200.787109375
354,2363,2176.88916015625
355,2389,1313.6480712890625
356,2415,6057.65478515625
357,2388,2514.215576171875
358,2393,6769.16943359375
359,2439,11003.232421875
360,2443,13367.720703125
361,20,13924.5791015625
362,62,33790.69140625
363,111,199.5921630859375
364,109,75521.6328125
365,121,695.7520751953125
366,134,8430.4873046875
367,191,4812.61376953125
368,184,12843.5029296875
369,171,102309.0859375
370,210,50423.0703125
371,207,77534.8359375
372,232,32395.5859375
373,314,10190.169921875
374,312,546.8572998046875
375,376,298.76715087890625
376,358,42067.6953125
377,330,2826.33203125
378,400,7048.97607421875
379,495,5832.771484375
380,493,139.13827514648438
381,635,12334.7490234375
382,667,363.48052978515625
383,732,8756.98828125
384,754,1585.5263671875
385,759,15434.22265625
386,761,10865.322265625
387,797,5244.71044921875
388,810,1929.7127685546875
389,852,10009.716796875
390,848,13890.0546875
391,906,273.2249450683594
392,881,12639.3369140625
393,1009,1653.2950439453125
394,1047,36006.3984375
395,1238,15060.568359375
396,1239,22709.779296875
397,1225,347.10986328125
398,1241,1424.4730224609375
399,1247,4820.06201171875
400,1350,1007.2049560546875
401,1317,385.17742919921875
402,1422,17946.36328125
403,1427,23867.548828125
404,1465,5924.7373046875
405,1482,28967.353515625
406,1518,47739.85546875
407,1564,1458.7845458984375
408,1545,352.4830322265625
409,1626,9182.0771484375
410,1641,8578.62890625
411,1657,4446.54248046875
412,1625,13293.724609375
413,1649,4232.03515625
414,1621,3385.68408203125
415,1666,1234.6104736328125
416,1704,2691.784423828125
417,1674,1777.1815185546875
418,1772,473.8765869140625
419,1788,2492.258544921875
420,1730,7457.25
421,1784,9654.791015625
422,1807,2143.622802734375
423,1827,1736.181396484375
424,1817,2382.801513671875
425,1853,62603.04296875
426,1921,384.6351318359375
427,1942,8247.1142578125
428,1964,82592.3515625
429,1962,29733.5703125
430,1969,39866.58203125
431,2013,10742.919921875
432,2011,721.7201538085938
433,2051,57552.03515625
434,2042,1217.7540283203125
435,2105,50828.125
436,2084,52383.7265625
437,2164,2193.204345703125
438,2207,22788.7578125
439,2157,54759.37890625
440,2246,62061.1171875
441,2285,3062.30810546875
442,2307,435.12982177734375
443,2309,1927.621826171875
444,2364,1523.0986328125
445,2432,17107.1015625
446,2430,5433.27099609375
447,2414,63859.12890625
448,2471,64931.4765625
449,2440,44669.94140625
450,2531,339.6664123535156
451,2507,7245.65087890625
452,2702,5363.888671875
453,2740,6399.26953125
454,2806,3987.122802734375
455,2862,1016.5643920898438
456,2860,330.0041809082031
457,2964,79821.0625
458,2871,2552.7587890625
459,2877,485.51397705078125
460,3002,7948.25244140625
461,2991,12691.830078125
462,3004,808.5939331054688
463,3034,2108.817138671875
464,3097,1109.425048828125
465,3105,12634.81640625
466,3166,1337.4906005859375
467,3178,1951.9825439453125
468,3240,5359.9794921875
469,3279,76196.3671875
470,3302,27418.369140625
471,3335,18833.06640625
472,3349,46761.49609375
473,3398,1891.4825439453125
474,3417,5761.04052734375
475,3612,7798.80517578125
476,3653,2842.105224609375
477,3712,4160.02294921875
478,3697,753.9227294921875
479,3769,29579.322265625
480,3758,13648.91015625
481,3793,1513.3897705078125
482,3796,991.4473876953125
483,3932,4780.94287109375
484,3996,19708.60546875
485,3997,16249.90625
486,4070,14363.8681640625
487,4034,7687.00341796875
488,4075,1450.4649658203125
489,4098,3466.825439453125
490,4104,11028.04296875
491,4118,11847.83203125
492,4176,7052.85498046875
493,4191,3794.983154296875
494,4259,8498.9072265625
495,4230,6377.1083984375
496,4301,994.7411499023438
497,4310,10171.619140625
498,4332,6728.6328125
499,4358,2398.527587890625
500,4396,13975.6767578125
501,4411,12180.8984375
502,4395,779.7469482421875
503,4504,13846.208984375
504,4523,3125.603759765625
505,4529,29473.94921875
506,4533,24493.234375
507,4539,7027.22900390625
508,4647,1744.4852294921875
509,4686,43749.12109375
510,4698,1192.4959716796875
511,4696,8039.26953125
512,4746,50049.37109375
513,4741,1552.61376953125
514,4783,7647.31494140625
515,4750,8346.13671875
516,4756,81.41399383544922
517,4819,1755.177490234375
518,4839,540.4496459960938
519,4938,344.0339050292969
520,4907,19866.490234375
521,2499,40983.28515625
522,2576,3462.20458984375
523,2556,6266.1474609375
524,2649,18259.244140625
525,2704,17213.755859375
526,2663,12424.388671875
527,2688,9079.673828125
528,2766,1346.35302734375
529,2765,2304.6552734375
530,2733,12685.6826171875
531,2747,405.2019348144531
532,2758,1632.3822021484375
533,2776,7364.625
534,2795,5734.60986328125
535,2830,2211.720458984375
536,2851,237.86102294921875
537,2828,2511.386474609375
538,2818,7768.404296875
539,2966,97865.9609375
540,2950,11862.3740234375
541,3015,14323.345703125
542,2983,48786.828125
543,3065,18637.302734375
544,3087,1562.2763671875
545,3101,467.19122314453125
546,3060,10327.1494140625
547,3056,26013.244140625
548,3133,605.0830078125
549,3110,17487.904296875
550,3164,37038.45703125
551,3182,21694.2578125
552,3174,5690.30419921875
553,3306,37471.73828125
554,3305,27551.365234375
555,3244,4286.35791015625
556,3326,7207.09912109375
557,3351,7039.8564453125
558,3342,57.01120376586914
559,3322,408.3427734375
560,3320,3045.20556640625
561,3355,1645.221923828125
562,3319,2135.86181640625
563,3381,29133.232421875
564,3422,631.8086547851562
565,3380,6416.68701171875
566,3459,1024.945556640625
567,3560,2289.365234375
568,3563,311.74932861328125
569,3530,674.8385620117188
570,3611,1637.862060546875
571,3682,11120.916015625
572,3655,17536.494140625
573,3714,40620.84375
574,3702,1412.7200927734375
575,3717,29234.26171875
576,3844,4348.7529296875
577,3840,8474.4580078125
578,3848,9476.0791015625
579,3779,60382.46875
580,3905,74.9822998046875
581,3868,23952.234375
582,3987,450.16705322265625
583,3959,599.4393920898438
584,3947,18014.189453125
585,4007,119.04287719726562
586,4011,43304.1875
587,4046,10459.9345703125
588,4054,16219.1259765625
589,4136,10517.2158203125
590,4166,195.30812072753906
591,4218,19436.890625
592,4207,122.45407104492188
593,4217,537.0054321289062
594,4261,106719.28125
595,4234,6169.17578125
596,4372,878.7357177734375
597,4415,45212.703125
598,4402,3396.198974609375
599,4431,6013.94775390625
600,4436,346.62579345703125
601,4551,7101.1845703125
602,4682,9638.3369140625
603,4721,2553.10595703125
604,4788,18963.880859375
605,4766,51451.38671875
606,4773,1179.993896484375
607,4836,29156.90625
608,4903,2506.855224609375
609,4862,20191.9453125
610,4967,6060.0849609375
611,5001,2385.176513671875
612,2535,3712.620849609375
613,2519,2112.0126953125
614,2502,726.1480712890625
615,2552,10216.3828125
616,2566,3116.011474609375
617,2578,34799.23046875
618,2609,5467.50146484375
619,2613,49731.64453125
620,2666,24930.44140625
621,2684,7816.32666015625
622,2805,10442.3681640625
623,2794,2124.267578125
624,2807,545.921142578125
625,2782,56.81687545776367
626,2781,10865.3857421875
627,2847,16234.015625
628,2925,254.3634033203125
629,3016,2137.27294921875
630,3029,4877.0078125
631,3114,36676.78125
632,3160,11020.9541015625
633,3163,22399.767578125
634,3220,17868.34765625
635,3210,685.58837890625
636,3284,16225.033203125
637,3354,47003.96484375
638,3356,2492.84765625
639,3397,10606.5634765625
640,3490,8580.48828125
641,3477,407.7972412109375
642,3473,7615.3046875
643,3499,5033.19970703125
644,3511,3536.208984375
645,3565,1401.6063232421875
646,3556,798.4547729492188
647,3588,14764.9296875
648,3568,20676.12890625
649,3643,1228.77685546875
650,3678,86694.875
651,3679,8320.0517578125
652,3677,12411.119140625
653,3652,686.2311401367188
654,3711,1877.2314453125
655,3706,6616.18896484375
656,3767,5389.93701171875
657,3728,11643.283203125
658,3738,5456.6513671875
659,3795,4837.15869140625
660,3896,1760.157470703125
661,3969,10715.611328125
662,4016,682.3901977539062
663,4010,12211.783203125
664,4024,25599.447265625
665,4058,2146.5146484375
666,4103,1672.9549560546875
667,4168,7102.94287109375
668,4226,13014.189453125
669,4228,15975.984375
670,4338,3746.65478515625
671,4408,102.385498046875
672,4500,1143.3955078125
673,4464,21480.23828125
674,4534,1078.547607421875
675,4604,105106.9375
676,4602,23354.0
677,4648,1821.84228515625
678,4606,7972.6552734375
679,4725,3703.19677734375
680,4740,12927.669921875
681,4805,58621.0234375
682,4860,25176.501953125
683,4885,1525.4617919921875
684,4905,3792.1572265625
685,4882,11112.0361328125
686,4950,10194.6162109375
687,4955,3927.278076171875
688,2495,4444.07080078125
689,2573,22.98242950439453
690,2593,6777.85009765625
691,2590,55260.5234375
692,2654,646.30126953125
693,2631,5544.0595703125
694,2655,9006.6494140625
695,2657,7666.650390625
696,2701,1052.0455322265625
697,2724,31317.244140625
698,2670,1119.298095703125
699,2722,366.62255859375
700,2759,12775.5234375
701,2727,10710.548828125
702,2757,15609.466796875
703,2779,1558.528564453125
704,2789,10484.7509765625
705,2811,8652.0859375
706,2835,1255.8798828125
707,2927,3342.0048828125
708,2923,101.75773620605469
709,2980,364.8191223144531
710,2921,5464.9755859375
711,3033,2802.610107421875
712,3018,3336.805908203125
713,2982,18167.51953125
714,3068,13290.521484375
715,3057,1637.59521484375
716,3055,27834.0625
717,3091,6596.34765625
718,3135,21035.271484375
719,3143,311.92718505859375
720,3122,2080.654541015625
721,3175,7851.84375
722,3287,2498.24951171875
723,3307,6397.6845703125
724,3261,17005.650390625
725,3332,3974.303466796875
726,3450,552.0265502929688
727,3368,49277.98828125
728,3414,12056.34765625
729,3394,401.2508850097656
730,3460,1348.669677734375
731,3480,10048.7578125
732,3468,6460.08740234375
733,3487,1938.140625
734,3500,5387.34326171875
735,3531,2017.67431640625
736,3557,260.83050537109375
737,3538,13304.8310546875
738,3515,18022.595703125
739,3618,4569.06494140625
740,3571,36790.484375
741,3572,47184.32421875
742,3609,1081.68408203125
743,3619,7316.44921875
744,3683,1588.8643798828125
745,3676,32779.71484375
746,3669,1194.9539794921875
747,3695,1565.4197998046875
748,3715,536.8612670898438
749,3699,38474.69140625
750,3721,1222.9013671875
751,3753,890.3363037109375
752,3775,11276.9296875
753,3726,13461.8310546875
754,3812,11939.9755859375
755,3838,29917.1328125
756,3845,690.689453125
757,3809,881.6397094726562
758,3935,3802.41796875
759,3917,15038.28515625
760,3862,12547.2890625
761,3922,9200.8173828125
762,3914,791.0916137695312
763,3879,45847.74609375
764,3939,31614.80078125
765,3940,11150.5087890625
766,3954,16148.7890625
767,3956,3266.5244140625
768,3990,1052.0455322265625
769,3981,972.1253051757812
770,4026,3776.14013671875
771,4004,3642.349853515625
772,4031,13167.390625
773,4041,2442.689453125
774,4072,7046.6982421875
775,4067,1285.8514404296875
776,4149,999.0917358398438
777,4107,1977.7515869140625
778,4097,119486.21875
779,4143,3896.288330078125
780,4101,560.7767944335938
781,4181,5894.06689453125
782,4231,1867.4410400390625
783,4233,473.32659912109375
784,4285,8572.38671875
785,4377,1056.1668701171875
786,4319,1095.1580810546875
787,4405,722.8621215820312
788,4409,3611.841796875
789,4425,1044.24560546875
790,4495,2376.76025390625
791,4511,9353.474609375
792,4564,17.872756958007812
793,4580,2636.003173828125
794,4677,2628.9140625
795,4622,3941.91552734375
796,4629,29974.43359375
797,4692,108012.09375
798,4707,365.177734375
799,4709,3508.191162109375
800,4704,674.0315551757812
801,4782,1695.1676025390625
802,4770,1408.630859375
803,4820,2448.7841796875
804,4810,3706.46044921875
805,4809,17460.6484375
806,4880,5931.25830078125
807,4956,60912.80078125
808,4957,989.404052734375
809,4963,8025.5380859375
810,4934,400.4868469238281
811,2504,1051.3968505859375
812,2510,6161.36376953125
813,2537,692.5589599609375
814,2530,5191.81787109375
815,2543,11992.6513671875
816,2579,591.6511840820312
817,2554,8579.0263671875
818,2601,52806.625
819,2644,40266.06640625
820,2651,19533.701171875
821,2594,17475.291015625
822,2686,1481.3280029296875
823,2714,2336.84375
824,2769,524.1461791992188
825,2793,868.3572387695312
826,2798,294.31658935546875
827,2856,6030.23681640625
828,2869,1173.1962890625
829,2896,12717.7041015625
830,2970,3201.8974609375
831,2990,1792.2977294921875
832,3159,688.4736328125
833,3141,22075.529296875
834,3108,789.041748046875
835,3217,37243.2109375
836,3211,1338.0828857421875
837,3283,589.8894653320312
838,3298,5612.30029296875
839,3385,7507.1064453125
840,3482,579.1358642578125
841,3491,2775.999755859375
842,3607,6283.8642578125
843,3584,507.125732421875
844,3689,728.1353149414062
845,3696,23084.853515625
846,3690,7243.5869140625
847,3765,8661.7138671875
848,3980,581.3065795898438
849,3971,1143.12841796875
850,3989,4214.20556640625
851,3998,191.85601806640625
852,3994,22447.884765625
853,4027,19657.525390625
854,4085,10358.7919921875
855,4163,2510.892578125
856,4167,2951.82373046875
857,4220,11786.2431640625
858,4277,1378.0308837890625
859,4278,16512.263671875
860,4260,5572.1708984375
861,4294,8397.4091796875
862,4357,468.995849609375
863,4384,10785.3486328125
864,4399,54703.40625
865,4419,7436.33740234375
866,4483,1638.706787109375
867,4443,26403.75
868,4461,7078.10986328125
869,4535,18643.30078125
870,4537,1133.7493896484375
871,4567,44959.82421875
872,4618,106499.4609375
873,4623,14643.1982421875
874,4658,7322.9208984375
875,4626,29340.486328125
876,4758,13052.263671875
877,4767,690.4297485351562
878,4790,10950.369140625
879,4813,665.8859252929688
880,4794,262.9866027832031
881,4796,751.6040649414062
882,4793,13937.921875
883,4821,14118.8134765625
884,4856,4717.82763671875
885,4853,17337.83203125
886,4875,117045.34375
887,4973,1430.893798828125
888,4962,22080.955078125
889,5036,5920.0654296875
890,5027,37008.48046875
891,5128,7507.2861328125
892,5199,8000.36962890625
893,5167,25978.166015625
894,5233,44375.734375
895,5223,9581.2236328125
896,5262,1026.283203125
897,5230,920.8605346679688
898,5244,11495.8779296875
899,5306,10562.681640625
900,5415,9683.3447265625
901,5496,1141.09375
902,5475,3102.385986328125
903,5492,1921.021484375
904,5511,1331.10205078125
905,5470,1755.843994140625
906,5531,1474.904541015625
907,5587,4578.33544921875
908,5573,4432.36328125
909,5558,514.8176879882812
910,5617,56748.52734375
911,5625,46.53870391845703
912,5618,493.9262390136719
913,5616,15315.58984375
914,5661,8449.7265625
915,5745,2103.354736328125
916,5815,1419.431884765625
917,5836,27630.3671875
918,5841,8996.681640625
919,5916,16368.9443359375
920,5892,10248.529296875
921,5965,2163.646484375
922,5954,19494.82421875
923,6026,529.021240234375
924,6010,1779.8795166015625
925,6049,5147.85986328125
926,6053,31291.611328125
927,6038,59155.87109375
928,6087,2739.066650390625
929,6141,3942.83056640625
930,6173,65201.04296875
931,6172,14939.486328125
932,6155,24969.544921875
933,6129,49918.703125
934,6198,19236.330078125
935,6174,1230.31005859375
936,6179,797.4382934570312
937,6180,8163.1328125
938,6228,51895.57421875
939,6254,8132.58740234375
940,6325,12729.8232421875
941,6387,4115.98291015625
942,6424,34650.88671875
943,6393,1134.2132568359375
944,6395,12282.57421875
945,6462,4568.8251953125
946,6450,63293.69140625
947,6498,12544.759765625
948,6458,9984.7587890625
949,6530,6294.677734375
950,6571,600.6834106445312
951,6637,18412.564453125
952,6602,8643.693359375
953,6655,1226.0950927734375
954,6807,9041.083984375
955,6863,14058.025390625
956,6840,820.5482788085938
957,6960,8182.84521484375
958,7029,14903.9296875
959,7065,176.21240234375
960,7178,2049.159423828125
961,7151,916.5161743164062
962,7169,974.3772583007812
963,7219,2051.347900390625
964,7226,106336.7578125
965,7432,2187.79052734375
966,7460,701.1435546875
967,7504,15843.3505859375
968,7490,7787.7470703125
969,7610,14827.8271484375
970,7640,198.81759643554688
971,7669,23436.90625
972,7629,1621.9290771484375
973,5039,34563.32421875
974,5051,101548.0390625
975,5083,8682.21484375
976,5062,28667.265625
977,5096,345.63995361328125
978,5106,7044.19921875
979,5168,42270.078125
980,5165,25153.833984375
981,5190,1593.880126953125
982,5176,305.2889099121094
983,5192,9665.8134765625
984,5254,1191.958251953125
985,5248,4773.177734375
986,5319,9267.7353515625
987,5356,3509.060302734375
988,5500,862.77734375
989,5466,890.10302734375
990,5556,915.800537109375
991,5530,49108.65625
992,5599,16951.79296875
993,5602,10615.7314453125
994,5635,205.57598876953125
995,5713,9644.869140625
996,5715,10849.861328125
997,5748,2092.914794921875
998,5727,8087.58447265625
999,5829,3572.98974609375
1000,5788,8026.55419921875
1001,5891,14299.2197265625
1002,5971,7938.73876953125
1003,5994,5874.51904296875
1004,6090,4207.08154296875
1005,6109,525.3939819335938
1006,6157,11713.5439453125
1007,6168,57095.4921875
1008,6182,7723.51904296875
1009,6241,2228.98486328125
1010,6242,371.04254150390625
1011,6293,5187.658203125
1012,6304,38152.390625
1013,6335,2590.5146484375
1014,6369,10657.38671875
1015,6381,214.97689819335938
1016,6413,2658.251953125
1017,6418,232.9899139404297
1018,6401,7967.50146484375
1019,6495,1406.9256591796875
1020,6649,15136.150390625
1021,6719,8237.0439453125
1022,6808,570.2155151367188
1023,6752,5058.77001953125
1024,6824,509.1495056152344
1025,6885,73711.8828125
1026,6851,9958.0947265625
1027,6836,2097.486083984375
1028,6949,12256.1923828125
1029,6912,332.3590087890625
1030,7034,7499.158203125
1031,7023,19063.4609375
1032,7061,24091.587890625
1033,7096,32338.2890625
1034,7040,248.60003662109375
1035,7066,5813.6728515625
1036,7207,981.264892578125
1037,7336,33976.6640625
1038,7296,13516.2138671875
1039,7272,97909.2265625
1040,7370,472.4755859375
1041,7372,17365.76171875
1042,7365,1509.668212890625
1043,7383,85109.375
1044,7399,3761.27587890625
1045,7431,1005.6851806640625
1046,7428,1256.73876953125
1047,7475,14710.5654296875
1048,7497,2986.685302734375
1049,7540,34585.57421875
1050,7545,21473.84765625
1051,7520,1234.1546630859375
1052,5059,15769.9033203125
1053,5034,11620.7158203125
1054,5025,222.0989227294922
1055,5043,51598.96875
1056,5069,7984.3564453125
1057,5080,1043.8504638671875
1058,5136,12365.982421875
1059,5105,14481.6396484375
1060,5124,6173.68408203125
1061,5153,246.30116271972656
1062,5191,2343.52587890625
1063,5250,11184.2041015625
1064,5236,553.9097290039062
1065,5313,30894.84375
1066,5314,759.2713012695312
1067,5333,11122.0947265625
1068,5385,41393.05078125
1069,5487,8663.2548828125
1070,5465,31028.455078125
1071,5441,1006.46044921875
1072,5547,10150.880859375
1073,5651,114079.4609375
1074,5677,2004.493408203125
1075,5772,4511.3193359375
1076,5823,26350.34765625
1077,5786,42132.5234375
1078,5868,66456.3515625
1079,5937,612.9287719726562
1080,6015,2000.5462646484375
1081,6024,2751.5322265625
1082,6007,6415.80078125
1083,6031,39080.21875
1084,6165,1378.829345703125
1085,6163,2764.2373046875
1086,6232,6015.84521484375
1087,6211,20861.990234375
1088,6186,8091.49755859375
1089,6314,13191.732421875
1090,6244,650.048583984375
1091,6390,34127.54296875
1092,6372,7231.85546875
1093,6434,1888.3564453125
1094,6430,351.50250244140625
1095,6499,3487.110107421875
1096,6541,28901.470703125
1097,6567,4166.89697265625
1098,6575,6214.08740234375
1099,6604,17007.150390625
1100,6579,834.7484130859375
1101,6676,16196.220703125
1102,6690,7564.93017578125
1103,6731,561.8154907226562
1104,6732,691.8694458007812
1105,6841,395.453369140625
1106,6873,919.1031494140625
1107,6844,14785.30078125
1108,6888,13175.134765625
1109,7025,1317.053466796875
1110,6967,4398.81103515625
1111,6975,3047.14208984375
1112,6969,10929.515625
1113,7238,6092.81494140625
1114,7230,3008.052734375
1115,7291,6262.35546875
1116,7302,5491.90869140625
1117,7256,14033.314453125
1118,7342,23.879188537597656
1119,7343,28762.04296875
1120,7351,519.0046997070312
1121,7465,90745.1171875
1122,7477,11163.8955078125
1123,7410,15670.2783203125
1124,7509,1207.225830078125
1125,7576,5611.71484375
1126,7559,9253.564453125
1127,7574,3276.8046875
1128,7556,22389.068359375
1129,7632,1467.79931640625
1130,7618,4901.7861328125
1131,7651,2023.599365234375
1132,5052,1783.160400390625
1133,5058,59883.1796875
1134,5070,1927.7010498046875
1135,5072,701.9095458984375
1136,5078,7861.5634765625
1137,5099,11449.2060546875
1138,5123,4478.81884765625
1139,5147,3501.778076171875
1140,5163,1311.0579833984375
1141,5186,6354.046875
1142,5217,32200.90625
1143,5310,240.74014282226562
1144,5325,8867.56640625
1145,5288,2337.886962890625
1146,5293,1319.468994140625
1147,5284,1466.5616455078125
1148,5419,1566.0908203125
1149,5438,4569.916015625
1150,5374,15932.912109375
1151,5404,19705.11328125
1152,5476,9866.373046875
1153,5488,76055.6796875
1154,5528,39260.05859375
1155,5536,732.619140625
1156,5627,3097.913818359375
1157,5620,13771.251953125
1158,5613,4902.48046875
1159,5609,1954.9998779296875
1160,5619,3629.0439453125
1161,5680,2284.88427734375
1162,5633,24415.158203125
1163,5642,952.9537963867188
1164,5683,8741.873046875
1165,5628,22173.3828125
1166,5752,14740.1259765625
1167,5749,7646.89111328125
1168,5690,10018.4814453125
1169,5804,484.0241394042969
1170,5827,43906.45703125
1171,5799,14063.1572265625
1172,5890,1477.399169921875
1173,5876,303.68658447265625
1174,5867,3910.69384765625
1175,5882,11022.6943359375
1176,5980,6768.5498046875
1177,5945,16654.396484375
1178,5940,33502.515625
1179,5951,3359.831298828125
1180,5956,6879.35498046875
1181,5974,17738.203125
1182,5950,6208.9072265625
1183,5991,59182.734375
1184,5992,31524.775390625
1185,6028,1576.90673828125
1186,6060,945.9563598632812
1187,6059,1185.2330322265625
1188,6058,19022.447265625
1189,6064,1698.9705810546875
1190,6055,304.7618408203125
1191,6108,85312.0234375
1192,6072,513.1337280273438
1193,6086,14481.947265625
1194,6130,30747.779296875
1195,6132,2829.1376953125
1196,6222,5126.1953125
1197,6215,687.608154296875
1198,6332,1101.8497314453125
1199,6360,47799.69140625
1200,6346,11840.4072265625
1201,6354,22923.505859375
1202,6343,7009.5908203125
1203,6404,2982.336669921875
1204,6444,654.7146606445312
1205,6512,20592.48828125
1206,6509,57720.3515625
1207,6523,2224.9912109375
1208,6554,9375.8115234375
1209,6568,19134.470703125
1210,6540,7038.8505859375
1211,6570,1159.5341796875
1212,6619,270.4803466796875
1213,6610,41934.8828125
1214,6603,48404.12890625
1215,6620,15014.91796875
1216,6724,38731.4921875
1217,6687,42.78209686279297
1218,6663,15095.068359375
1219,6715,58327.66015625
1220,6777,2035.460693359375
1221,6741,487.1697998046875
1222,6801,14117.7705078125
1223,6803,4754.15673828125
1224,6855,954.1871337890625
1225,6871,1450.53955078125
1226,6909,8698.826171875
1227,6919,17688.90625
1228,6904,41663.78125
1229,6950,364.9053649902344
1230,6964,1143.9144287109375
1231,6985,6657.53173828125
1232,6987,4116.658203125
1233,7033,90373.953125
1234,7121,760.9782104492188
1235,7104,379.6258544921875
1236,7087,9557.091796875
1237,7149,23007.21875
1238,7071,49889.9375
1239,7067,92.98045349121094
1240,7181,2569.50927734375
1241,7191,6380.47216796875
1242,7206,58911.515625
1243,7211,1570.908447265625
1244,7213,5245.57861328125
1245,7228,1706.6805419921875
1246,7298,3192.578125
1247,7311,757.3255615234375
1248,7316,2895.543212890625
1249,7398,583.1640014648438
1250,7464,7964.4755859375
1251,7501,315.3265380859375
1252,7483,10374.9453125
1253,7609,571.4932250976562
1254,7650,957.77294921875
1255,5044,53183.63671875
1256,5092,2508.849365234375
1257,5085,59175.9453125
1258,5087,23154.283203125
1259,5130,36939.24609375
1260,5120,8905.4501953125
1261,5121,1166.0902099609375
1262,5207,15455.580078125
1263,5231,17615.28125
1264,5329,468.45196533203125
1265,5418,2179.655029296875
1266,5386,859.153564453125
1267,5433,578.3157958984375
1268,5354,2020.84619140625
1269,5527,822.581298828125
1270,5521,678.9802856445312
1271,5656,5866.22412109375
1272,5631,959.5509033203125
1273,5782,39940.9765625
1274,5725,2039.499755859375
1275,5729,8797.76171875
1276,5819,3462.464599609375
1277,5865,14478.220703125
1278,5898,1306.411376953125
1279,5966,6276.2001953125
1280,6025,10478.3818359375
1281,6000,3341.26513671875
1282,6065,2378.352294921875
1283,6061,3101.9990234375
1284,6051,463.4914855957031
1285,6103,17472.47265625
1286,6074,9435.5478515625
1287,6091,57634.74609375
1288,6075,128.4959259033203
1289,6081,8073.1015625
1290,6240,87851.53125
1291,6329,18808.892578125
1292,6296,9664.375
1293,6357,1653.57177734375
1294,6423,2004.383056640625
1295,6419,7457.98388671875
1296,6514,31.050586700439453
1297,6490,2017.0169677734375
1298,6578,95433.796875
1299,6565,1797.3426513671875
1300,6595,12434.166015625
1301,6613,6406.80126953125
1302,6718,843.4360961914062
1303,6660,2280.232421875
1304,6683,3220.182373046875
1305,6744,36248.48828125
1306,6782,6519.177734375
1307,6734,10171.673828125
1308,6927,10196.4814453125
1309,6959,2919.221923828125
1310,6896,22478.8828125
1311,6976,408.325927734375
1312,7174,295.2757873535156
1313,7153,18317.107421875
1314,7196,14485.3935546875
1315,7166,763.60888671875
1316,7247,7417.103515625
1317,7217,16252.4306640625
1318,7246,389.10943603515625
1319,7212,1042.9664306640625
1320,7260,8143.9130859375
1321,7332,2153.37890625
1322,7275,2462.213134765625
1323,7373,1150.0179443359375
1324,7337,1155.5635986328125
1325,7425,9732.296875
1326,7445,9431.4521484375
1327,7555,7019.4912109375
1328,7542,39148.59375
1329,7615,9648.43359375
1330,7613,4172.0263671875
1331,7581,1031.5059814453125
1332,7568,15459.51171875
1333,7606,767.3470458984375
1334,7599,15050.34765625
1335,7626,1703.38134765625
1336,7660,11436.3916015625
1337,7661,38444.28515625
1338,7656,29.45589828491211
1339,7726,83632.6796875
1340,7751,51.90510940551758
1341,7750,163.7274169921875
1342,7779,520.1910400390625
1343,7793,363.50653076171875
1344,7803,57151.59375
1345,7863,919.3135375976562
1346,7986,11874.580078125
1347,7964,4630.45849609375
1348,8093,2042.132568359375
1349,8089,25650.4609375
1350,8135,4163.29931640625
1351,8119,7699.9189453125
1352,8113,9786.0322265625
1353,8128,2011.53125
1354,8160,16898.779296875
1355,8179,307.07080078125
1356,8186,1023.0596313476562
1357,8242,419.1625671386719
1358,8240,42364.73046875
1359,8236,10819.0224609375
1360,8384,13933.0732421875
1361,8413,15555.41015625
1362,8429,44956.76171875
1363,8427,6329.43115234375
1364,8412,12544.4091796875
1365,8493,2935.748291015625
1366,8485,1478.857421875
1367,8540,891.0558471679688
1368,8535,711.516357421875
1369,8617,1765.5989990234375
1370,8604,38010.46875
1371,8630,608.4864501953125
1372,8711,5550.32373046875
1373,8728,19266.646484375
1374,8698,6873.66650390625
1375,8771,1554.24951171875
1376,8784,6978.6494140625
1377,8810,5121.7548828125
1378,8918,624.3927612304688
1379,8904,1068.7403564453125
1380,8928,729.722412109375
1381,8978,11186.6611328125
1382,8992,11444.5
1383,9017,11677.1787109375
1384,9037,1412.0965576171875
1385,9081,53879.546875
1386,9044,3879.0390625
1387,9115,14231.1123046875
1388,9201,10648.0693359375
1389,9184,161.76126098632812
1390,9202,2819.4150390625
1391,9280,38509.4921875
1392,9322,45138.04296875
1393,9312,593.5051879882812
1394,9357,491.75958251953125
1395,9383,239.32350158691406
1396,9452,2214.0576171875
1397,9494,5351.4853515625
1398,9543,78186.9140625
1399,9554,14272.390625
1400,9624,393.1313171386719
1401,9630,2480.080322265625
1402,9698,2619.145751953125
1403,9721,4391.14990234375
1404,9757,22559.017578125
1405,9814,2134.669677734375
1406,9812,7003.9892578125
1407,9810,1785.876220703125
1408,9792,2928.20947265625
1409,9791,680.0914306640625
1410,9838,705.8771362304688
1411,9822,1002.399169921875
1412,9972,6368.81591796875
1413,9970,408.12213134765625
1414,9852,2274.998779296875
1415,9976,1829.684814453125
1416,9989,1252.716796875
1417,9991,10709.873046875
1418,10038,12869.712890625
1419,10074,12005.0947265625
1420,10054,6249.88720703125
1421,10048,14904.6455078125
1422,10108,4049.959228515625
1423,10113,4325.2119140625
1424,10166,6903.4443359375
1425,10177,6865.8203125
1426,10190,4326.2138671875
1427,7686,506.79266357421875
1428,7682,1723.7559814453125
1429,7747,4847.92333984375
1430,7789,1236.8468017578125
1431,7745,10480.72265625
1432,7818,394.86895751953125
1433,7943,13640.365234375
1434,7980,46780.1953125
1435,7956,13568.384765625
1436,8006,3503.260986328125
1437,8097,6221.0419921875
1438,8069,535.1596069335938
1439,8140,2278.901611328125
1440,8129,100914.2734375
1441,8130,13350.8154296875
1442,8124,4625.7646484375
1443,8181,464.3648681640625
1444,8176,55549.77734375
1445,8142,381.04754638671875
1446,8213,5640.27001953125
1447,8220,15865.078125
1448,8208,3247.6533203125
1449,8288,1137.178955078125
1450,8394,761.2730712890625
1451,8364,1793.7891845703125
1452,8433,4912.005859375
1453,8501,13803.0576171875
1454,8550,9810.7607421875
1455,8637,36777.7890625
1456,8718,56470.34765625
1457,8746,12206.6513671875
1458,8823,13726.951171875
1459,8902,11616.4228515625
1460,8922,13695.138671875
1461,8880,40277.3984375
1462,8934,15380.6123046875
1463,9038,3668.06591796875
1464,9133,37337.0078125
1465,9170,1562.3248291015625
1466,9174,317.19677734375
1467,9187,1582.6468505859375
1468,9206,14090.7490234375
1469,9179,3886.5546875
1470,9298,672.4791870117188
1471,9297,1701.9197998046875
1472,9264,13195.5380859375
1473,9353,1689.440185546875
1474,9402,110748.9609375
1475,9389,673.6417846679688
1476,9381,101.07827758789062
1477,9413,8599.1396484375
1478,9546,25904.767578125
1479,9521,7030.04638671875
1480,9510,2317.84228515625
1481,9524,1433.513427734375
1482,9579,415.2991638183594
1483,9603,2249.328857421875
1484,9679,1167.0443115234375
1485,9689,17678.275390625
1486,9712,27508.56640625
1487,9731,9714.416015625
1488,9744,11849.4169921875
1489,9786,3349.70458984375
1490,9789,6145.3486328125
1491,9944,3083.548583984375
1492,10037,345.99652099609375
1493,10025,27946.98828125
1494,10059,101882.25
1495,10042,36810.32421875
1496,10117,825.0133056640625
1497,10088,1129.8896484375
1498,10162,464.62677001953125
1499,10261,19047.92578125
1500,10315,86438.8203125
1501,10239,2210.260009765625
1502,10274,43696.37890625
1503,10289,3765.255615234375
1504,10271,14053.5625
1505,10305,1179.172607421875
1506,7724,1575.3707275390625
1507,7743,1014.1009521484375
1508,7740,315.391357421875
1509,7757,13030.2958984375
1510,7753,11238.234375
1511,7792,37851.58203125
1512,7866,14020.19140625
1513,7799,13597.6904296875
1514,7920,1159.734375
1515,7887,9428.44140625
1516,7915,5121.96826171875
1517,7948,1427.1600341796875
1518,7987,54759.203125
1519,7970,16543.751953125
1520,7993,1282.94287109375
1521,8013,380.11444091796875
1522,8053,17562.54296875
1523,8025,11798.3642578125
1524,8008,1309.726806640625
1525,8027,1219.7794189453125
1526,8095,1706.9674072265625
1527,8081,9685.5234375
1528,8112,7768.64794921875
1529,8067,2421.479736328125
1530,8071,257.67742919921875
1531,8120,4662.82421875
1532,8114,9509.96875
1533,8134,5984.8994140625
1534,8149,3027.575439453125
1535,8161,13289.6162109375
1536,8182,1785.7603759765625
1537,8155,634.6207275390625
1538,8212,43793.765625
1539,8228,3269.906494140625
1540,8217,819.824951171875
1541,8206,6909.72265625
1542,8339,2972.83203125
1543,8329,1830.9954833984375
1544,8301,8271.369140625
1545,8378,12522.2060546875
1546,8382,5933.052734375
1547,8387,9051.2685546875
1548,8372,21025.21484375
1549,8369,3445.285400390625
1550,8443,7303.8876953125
1551,8445,1431.3917236328125
1552,8439,59716.32421875
1553,8407,23890.4140625
1554,8470,27286.6171875
1555,8508,3078.78955078125
1556,8507,45139.2890625
1557,8494,15896.59765625
1558,8466,294.2184143066406
1559,8534,2117.13671875
1560,8603,559.0133056640625
1561,8655,1167.15625
1562,8657,24674.611328125
1563,8673,77415.5390625
1564,8659,1084.5361328125
1565,8723,287.48809814453125
1566,8674,5024.0693359375
1567,8706,8191.24853515625
1568,8758,11624.3310546875
1569,8748,54.01190185546875
1570,8747,267.76898193359375
1571,8864,1637.639892578125
1572,8825,615.6273193359375
1573,8808,15477.0771484375
1574,8813,1611.840087890625
1575,8818,7935.2822265625
1576,8895,5406.4365234375
1577,8878,15856.515625
1578,8951,698.9871826171875
1579,8998,2850.79736328125
1580,9013,3502.899658203125
1581,9005,2546.074462890625
1582,9033,5239.60986328125
1583,9054,7505.5732421875
1584,9057,1807.1778564453125
1585,9101,923.9652709960938
1586,9031,1036.33544921875
1587,9168,178.24160766601562
1588,9105,2767.530029296875
1589,9120,87.96280670166016
1590,9145,8067.5595703125
1591,9143,482.4637145996094
1592,9233,1048.272216796875
1593,9221,13116.8818359375
1594,9279,237.18521118164062
1595,9285,16935.03515625
1596,9338,25474.6484375
1597,9310,14995.8046875
1598,9394,50758.95703125
1599,9393,201.82627868652344
1600,9362,385.6837158203125
1601,9412,5346.1328125
1602,9434,1336.6949462890625
1603,9450,43568.83203125
1604,9424,1201.9500732421875
1605,9501,849.280517578125
1606,9507,21897.625
1607,9598,200.23094177246094
1608,9556,2501.452392578125
1609,9572,1429.833740234375
1610,9592,23887.849609375
1611,9573,3716.912841796875
1612,9634,85756.8359375
1613,9657,1283.099365234375
1614,9644,5047.1689453125
1615,9652,4770.53662109375
1616,9696,65830.7734375
1617,9706,23042.296875
1618,9697,7127.953125
1619,9701,66618.3828125
1620,9782,1029.8572998046875
1621,9726,7792.68212890625
1622,9806,7839.22607421875
1623,9805,893.8275756835938
1624,9798,3511.2080078125
1625,9953,16211.21484375
1626,10028,10327.7587890625
1627,10005,2738.18310546875
1628,10032,706.7354125976562
1629,10086,527.8665771484375
1630,10157,2737.817626953125
1631,10164,16720.515625
1632,10125,25825.115234375
1633,10126,6654.22998046875
1634,10092,35848.5390625
1635,10144,3265.111328125
1636,10203,15286.4208984375
1637,10209,781.5181884765625
1638,10175,9570.6611328125
1639,10286,2010.0828857421875
1640,10316,5983.931640625
1641,10310,416.1268615722656
1642,7680,11661.525390625
1643,7696,7730.25537109375
1644,7716,14250.7138671875
1645,7794,12168.58203125
1646,7864,67978.1171875
1647,7828,65956.625
1648,7849,11258.4443359375
1649,7874,51252.3359375
1650,7853,6844.17236328125
1651,7891,733.2046508789062
1652,7917,983.3530883789062
1653,7876,15436.125
1654,7936,59.60068893432617
1655,7940,47693.4609375
1656,7963,480.0982666015625
1657,7974,1590.1241455078125
1658,8040,2399.311279296875
1659,8059,965.1412353515625
1660,8052,14211.140625
1661,8091,175.90573120117188
1662,8072,7247.9462890625
1663,8099,586.6204223632812
1664,8334,16989.443359375
1665,8280,10548.712890625
1666,8530,7590.4248046875
1667,8482,800.1708374023438
1668,8565,1374.8973388671875
1669,8576,16308.091796875
1670,8595,48881.8125
1671,8571,7091.3564453125
1672,8549,5422.078125
1673,8579,12176.9375
1674,8667,5913.07177734375
1675,8684,8338.2900390625
1676,8735,13323.5673828125
1677,8742,14803.8994140625
1678,8775,5199.482421875
1679,8755,11795.6962890625
1680,8750,276.36444091796875
1681,8851,7995.67529296875
1682,8853,3318.233154296875
1683,8866,1453.084228515625
1684,8915,6235.36083984375
1685,8886,1988.654541015625
1686,8943,7153.74462890625
1687,9001,20458.134765625
1688,9058,284.0150451660156
1689,9102,10534.044921875
1690,9169,55469.734375
1691,9249,16447.3515625
1692,9236,1225.5821533203125
1693,9251,795.739501953125
1694,9261,4864.345703125
1695,9275,4752.36328125
1696,9276,16538.6328125
1697,9263,3271.685791015625
1698,9358,15220.078125
1699,9348,12817.44140625
1700,9400,8640.5458984375
1701,9361,1616.2496337890625
1702,9465,16212.1611328125
1703,9539,8405.7333984375
1704,9519,12880.6435546875
1705,9508,1226.906982421875
1706,9561,937.2293701171875
1707,9619,675.3008422851562
1708,9666,20167.83984375
1709,9661,327.70379638671875
1710,9720,6224.31298828125
1711,9683,30605.439453125
1712,9760,5368.8564453125
1713,9840,49130.296875
1714,9831,454.2826232910156
1715,9975,54824.46484375
1716,9961,4159.65087890625
1717,10013,3613.61669921875
1718,9984,1139.5819091796875
1719,10078,2464.181640625
1720,10156,13914.16796875
1721,10213,6063.4150390625
1722,7689,14694.3828125
1723,7736,48375.95703125
1724,7868,559.7742919921875
1725,7815,13628.861328125
1726,7927,1024.9727783203125
1727,7888,1235.04736328125
1728,7990,8591.9755859375
1729,7998,1804.98583984375
1730,8039,5072.5615234375
1731,8148,907.482421875
1732,8175,13111.7021484375
1733,8282,1693.667724609375
1734,8337,11.024624824523926
1735,8300,8314.08203125
1736,8248,2628.815185546875
1737,8264,103.08299255371094
1738,8327,12715.6962890625
1739,8390,9228.8671875
1740,8393,206.8121337890625
1741,8351,5846.13330078125
1742,8400,11807.71484375
1743,8422,3601.06787109375
1744,8529,31814.373046875
1745,8566,5426.69140625
1746,8643,1067.7559814453125
1747,8636,454.72845458984375
1748,8699,2498.04052734375
1749,8756,4461.2744140625
1750,8783,355.4949035644531
1751,8822,35802.36328125
1752,8862,6840.84375
1753,8887,10338.07421875
1754,9029,153.3907928466797
1755,9089,14390.6953125
1756,9159,1536.9859619140625
1757,9171,485.0875244140625
1758,9324,195.6129150390625
1759,9329,257.12359619140625
1760,9344,1672.6756591796875
1761,9385,8756.1943359375
1762,9376,2210.943115234375
1763,9428,3036.05517578125
1764,9474,15241.140625
1765,9440,22251.111328125
1766,9454,17402.033203125
1767,9607,151.8339080810547
1768,9597,50736.15625
1769,9669,26521.041015625
1770,9622,15510.828125
1771,9659,300.17779541015625
1772,9708,9328.634765625
1773,9753,2740.315673828125
1774,9780,13984.5302734375
1775,9788,1653.775390625
1776,9916,707.1680908203125
1777,9968,33744.56640625
1778,9859,1960.2294921875
1779,9924,42248.15234375
1780,10010,3616.66552734375
1781,10040,49.26372528076172
1782,10052,18613.39453125
1783,10087,496.6087646484375
1784,10185,31794.15234375
1785,10220,34043.359375
1786,10202,9198.6923828125
1787,10187,11965.8310546875
1788,10248,3139.223388671875
1789,10319,1062.5689697265625
1790,10382,867.0036010742188
1791,10352,1084.070556640625
1792,10431,6730.5166015625
1793,10456,211.17831420898438
1794,10452,35581.45703125
1795,10457,46795.8984375
1796,10512,2760.584716796875
1797,10460,10580.982421875
1798,10492,12915.4111328125
1799,10558,668.6121215820312
1800,10567,3858.41845703125
1801,10631,21655.91796875
1802,10655,1659.390869140625
1803,10616,1076.6478271484375
1804,10729,624.0623779296875
1805,10770,893.2750854492188
1806,10811,609.4981079101562
1807,10785,23623.962890625
1808,10839,33362.71484375
1809,10814,27866.794921875
1810,10887,79.99119567871094
1811,10903,101000.984375
1812,10902,91.04269409179688
1813,11030,11810.2392578125
1814,11069,2704.3984375
1815,11086,36997.05859375
1816,11049,29140.333984375
1817,11150,387.19720458984375
1818,11144,5850.89111328125
1819,11113,156.77333068847656
1820,11175,1730.3341064453125
1821,11170,915.0897827148438
1822,11215,3165.853759765625
1823,11246,25572.919921875
1824,11268,3516.501220703125
1825,11334,1579.926513671875
1826,11331,35871.58203125
1827,11393,13605.630859375
1828,11409,3469.404052734375
1829,11445,2640.06640625
1830,11425,5399.52734375
1831,11399,3401.08154296875
1832,11497,1440.0029296875
1833,11493,16611.607421875
1834,11465,9154.2080078125
1835,11468,26027.76953125
1836,11598,131.06512451171875
1837,11583,4441.38818359375
1838,11610,15116.4951171875
1839,11612,46542.859375
1840,11618,1708.1566162109375
1841,11635,6249.2060546875
1842,11713,19507.38671875
1843,11878,2851.3984375
1844,11847,1956.9267578125
1845,11968,43951.57421875
1846,11972,1190.736572265625
1847,12050,476.2435302734375
1848,12148,7327.02392578125
1849,12173,2012.49462890625
1850,12138,37959.01171875
1851,12259,7164.59912109375
1852,12261,259.3516845703125
1853,12292,1549.4307861328125
1854,12325,62349.21875
1855,12354,514.6012573242188
1856,12385,7209.37841796875
1857,12416,946.72119140625
1858,12464,75032.6171875
1859,12499,14199.572265625
1860,12508,2186.12109375
1861,12476,2872.521728515625
1862,12538,7628.89111328125
1863,12542,1505.699951171875
1864,12570,7491.228515625
1865,12578,2611.425537109375
1866,12554,25218.822265625
1867,12631,57543.41015625
1868,12628,1335.3218994140625
1869,12691,1192.1572265625
1870,12688,6576.45458984375
1871,12721,35274.94140625
1872,12740,36857.51171875
1873,10326,10152.935546875
1874,10403,25058.86328125
1875,10413,20335.2109375
1876,10453,1359.354736328125
1877,10439,815.9198608398438
1878,10510,2362.952392578125
1879,10472,71279.6015625
1880,10478,31239.283203125
1881,10489,6503.8173828125
1882,10537,63495.37109375
1883,10524,208.6108856201172
1884,10570,53184.7578125
1885,10587,1309.8582763671875
1886,10686,34.18169403076172
1887,10689,2791.211181640625
1888,10714,1315.73486328125
1889,10730,2600.93701171875
1890,10819,9617.84375
1891,10852,475.540283203125
1892,10850,56095.921875
1893,10873,221.6553192138672
1894,10858,2134.8759765625
1895,11004,1367.6868896484375
1896,10928,18073.595703125
1897,10962,2216.283203125
1898,10953,53202.9375
1899,11037,210.17874145507812
1900,11013,6284.99267578125
1901,11020,395.2278137207031
1902,11029,39235.22265625
1903,11051,295.1857604980469
1904,11108,20057.03515625
1905,11145,8707.20703125
1906,11142,17575.013671875
1907,11233,9427.8603515625
1908,11167,21630.71484375
1909,11218,282.45574951171875
1910,11235,786.8268432617188
1911,11234,36372.07421875
1912,11294,248.06211853027344
1913,11352,23888.734375
1914,11383,6026.64990234375
1915,11386,16884.67578125
1916,11358,15458.646484375
1917,11395,557.9752197265625
1918,11454,1180.045654296875
1919,11443,836.2660522460938
1920,11474,1685.8438720703125
1921,11459,13321.7890625
1922,11458,35919.15625
1923,11503,143.2843780517578
1924,11522,2212.8291015625
1925,11548,20477.345703125
1926,11558,1231.0380859375
1927,11557,648.790771484375
1928,11634,6050.8251953125
1929,11628,1185.2286376953125
1930,11608,30570.517578125
1931,11693,2492.142822265625
1932,11682,48642.3671875
1933,11698,319.7781066894531
1934,11702,2742.456787109375
1935,11691,17822.7734375
1936,11763,12990.810546875
1937,11754,14248.4140625
1938,11769,6952.2744140625
1939,11777,7687.2998046875
1940,11791,385.5712585449219
1941,11770,928.09423828125
1942,11806,35.79954147338867
1943,11813,35530.13671875
1944,11805,23022.6875
1945,11810,15944.9462890625
1946,11859,435.62530517578125
1947,11891,782.7788696289062
1948,11844,357.8759765625
1949,11855,24009.1484375
1950,11922,39.07529830932617
1951,11956,824.8267211914062
1952,11946,1168.1837158203125
1953,11978,4955.99658203125
1954,12015,17957.876953125
1955,11983,2602.369140625
1956,11988,3906.093505859375
1957,11977,80732.6328125
1958,12063,41388.44140625
1959,12125,585.0140380859375
1960,12097,1505.33544921875
1961,12043,15618.1396484375
1962,12188,989.3229370117188
1963,12202,12359.7705078125
1964,12290,7592.009765625
1965,12247,4456.43359375
1966,12271,2805.843994140625
1967,12340,438.64459228515625
1968,12332,32405.734375
1969,12310,9501.9990234375
1970,12407,3919.095458984375
1971,12384,595.9114379882812
1972,12363,16250.3486328125
1973,12409,902.9849243164062
1974,12397,15932.888671875
1975,12421,6317.14892578125
1976,12439,725.2466430664062
1977,12453,1118.2967529296875
1978,12466,2855.22900390625
1979,12507,11176.283203125
1980,12488,1104.8033447265625
1981,12472,30292.263671875
1982,12522,2342.866943359375
1983,12512,11396.0703125
1984,12513,4658.81005859375
1985,12586,13692.701171875
1986,12598,2466.36328125
1987,12576,137074.171875
1988,12606,44236.48046875
1989,12575,13703.1103515625
1990,12596,7211.90771484375
1991,12617,2535.27783203125
1992,12619,2378.941162109375
1993,12644,14509.1318359375
1994,12629,8072.46533203125
1995,12687,57085.63671875
1996,12693,30191.611328125
1997,12700,20151.08203125
1998,12692,9376.7578125
1999,12703,14529.5546875
2000,12701,50240.93359375
2001,12709,2339.99658203125
2002,10349,80861.8359375
2003,10343,3498.937744140625
2004,10394,18588.58984375
2005,10356,1960.947021484375
2006,10440,4455.2763671875
2007,10418,1445.73583984375
2008,10471,1961.76953125
2009,10501,31350.841796875
2010,10544,5098.759765625
2011,10583,15722.1376953125
2012,10598,818.2728271484375
2013,10760,5081.9130859375
2014,10793,15702.796875
2015,10856,15857.607421875
2016,10972,61921.2578125
2017,10930,7620.5927734375
2018,10920,17398.42578125
2019,10966,23638.2421875
2020,11015,669.0535888671875
2021,11011,62494.7578125
2022,11044,2007.430908203125
2023,11018,453.4012145996094
2024,11068,1280.080078125
2025,11075,11785.9521484375
2026,11141,1012.3546752929688
2027,11163,1362.7423095703125
2028,11192,9101.70703125
2029,11261,4476.0703125
2030,11269,1544.4156494140625
2031,11273,784.57080078125
2032,11327,108.0700912475586
2033,11387,59354.515625
2034,11419,5690.45361328125
2035,11501,1269.2344970703125
2036,11554,195.01748657226562
2037,11530,7153.10791015625
2038,11550,16298.255859375
2039,11515,2999.95556640625
2040,11527,2740.562744140625
2041,11599,7165.32421875
2042,11632,60986.0
2043,11626,2275.492431640625
2044,11709,5801.5634765625
2045,11729,1521.004150390625
2046,11749,1002.3049926757812
2047,11778,6641.759765625
2048,11794,9940.083984375
2049,11781,891.0762939453125
2050,11827,12852.3369140625
2051,11800,203.98484802246094
2052,11833,834.7703857421875
2053,11863,6118.2001953125
2054,11963,1169.5074462890625
2055,11967,1914.8123779296875
2056,12018,74312.75
2057,12010,406.32159423828125
2058,12044,445.146484375
2059,12041,25852.978515625
2060,12086,9393.669921875
2061,12199,25158.638671875
2062,12131,19847.62109375
2063,12133,9864.2265625
2064,12174,16967.544921875
2065,12219,2419.90576171875
2066,12233,7567.517578125
2067,12276,1990.4512939453125
2068,12228,8494.087890625
2069,12288,24018.732421875
2070,12214,4020.95068359375
2071,12342,6871.7158203125
2072,12331,8689.39453125
2073,12398,39567.50390625
2074,12467,542.8090209960938
2075,12447,1711.5223388671875
2076,12460,15445.6884765625
2077,12495,368.32696533203125
2078,12470,10460.72265625
2079,12539,178.5446319580078
2080,12647,40040.46875
2081,12639,10773.0673828125
2082,12659,565.618896484375
2083,12678,28078.947265625
2084,12748,7939.37255859375
2085,10379,1873.1104736328125
2086,10357,2449.13330078125
2087,10432,603.2533569335938
2088,10435,53269.4375
2089,10557,679.987060546875
2090,10552,3878.774658203125
2091,10530,2001.97021484375
2092,10600,16533.3515625
2093,10591,21707.955078125
2094,10609,8565.951171875
2095,10621,2185.91162109375
2096,10701,564.679443359375
2097,10697,252.1361083984375
2098,10743,26497.68359375
2099,10772,17929.537109375
2100,10761,24528.126953125
2101,10776,386.4230041503906
2102,10709,1243.972900390625
2103,10824,2275.84912109375
2104,10834,17750.171875
2105,10889,32139.50390625
2106,10933,8258.05078125
2107,10977,90294.4296875
2108,10945,363.64105224609375
2109,11005,60.94780349731445
2110,11066,447.0912170410156
2111,11111,216.53802490234375
2112,11138,779.87939453125
2113,11162,769.7991943359375
2114,11156,40621.8203125
2115,11208,5583.25
2116,11190,1063.14453125
2117,11245,2142.46142578125
2118,11252,9373.361328125
2119,11277,17662.2109375
2120,11298,24810.26953125
2121,11398,42662.1171875
2122,11418,4316.97265625
2123,11408,37610.12109375
2124,11448,2402.83349609375
2125,11496,21537.3359375
2126,11506,20573.2265625
2127,11569,101.12464904785156
2128,11586,4289.45458984375
2129,11560,26716.640625
2130,11584,3385.906005859375
2131,11561,8973.703125
2132,11642,454.74493408203125
2133,11620,4397.978515625
2134,11660,8422.9453125
2135,11665,2427.955322265625
2136,11707,21040.115234375
2137,11667,4186.13623046875
2138,11718,3362.310546875
2139,11738,29167.951171875
2140,11774,29824.26953125
2141,11793,141.0391082763672
2142,11784,9205.5234375
2143,11816,871.020263671875
2144,11823,10339.33203125
2145,11820,4770.75341796875
2146,11895,37168.91796875
2147,11919,537.6297607421875
2148,11864,3817.58837890625
2149,11965,178.61801147460938
2150,11952,22033.744140625
2151,11957,20031.357421875
2152,12012,1937.7359619140625
2153,12016,63195.984375
2154,12029,848.0050659179688
2155,12104,1412.04736328125
2156,12213,76.15054321289062
2157,12320,15992.8173828125
2158,12381,3820.603759765625
2159,12438,7929.53662109375
2160,12482,5671.08251953125
2161,12525,1338.4947509765625
2162,12532,1951.314453125
2163,12523,1521.189453125
2164,12558,16039.0146484375
2165,12591,1509.909912109375
2166,12609,69.69697570800781
2167,12670,2604.991455078125
2168,12760,68819.2890625
2169,10323,1029.2161865234375
2170,10502,10861.0361328125
2171,10470,157.66763305664062
2172,10529,7399.02783203125
2173,10542,7266.072265625
2174,10532,11981.1669921875
2175,10543,3028.374267578125
2176,10547,7417.00537109375
2177,10589,12851.0693359375
2178,10604,3043.814208984375
2179,10679,8727.8583984375
2180,10694,2541.102294921875
2181,10682,790.9685668945312
2182,10658,1281.0413818359375
2183,10704,12631.8134765625
2184,10795,181.50489807128906
2185,10786,596.4132690429688
2186,10812,8091.02392578125
2187,10870,13070.33203125
2188,10845,43895.49609375
2189,10989,8389.337890625
2190,11006,496.443359375
2191,11074,623.7264404296875
2192,11063,17006.70703125
2193,11137,4496.6435546875
2194,11174,20732.54296875
2195,11203,2322.85546875
2196,11173,1300.424072265625
2197,11262,13846.052734375
2198,11250,462.73199462890625
2199,11342,351.6861572265625
2200,11275,456.16302490234375
2201,11291,1354.658203125
2202,11286,3235.7548828125
2203,11297,42156.44921875
2204,11349,15813.3447265625
2205,11394,1193.2672119140625
2206,11350,26214.521484375
2207,11356,66.26993560791016
2208,11405,1386.467041015625
2209,11478,6847.25634765625
2210,11552,13298.4208984375
2211,11529,16409.51171875
2212,11513,9037.259765625
2213,11601,6426.93994140625
2214,11672,14478.7275390625
2215,11684,5945.234375
2216,11732,6492.703125
2217,11719,4304.5810546875
2218,11737,403.0162353515625
2219,11783,69678.5625
2220,11786,37645.99609375
2221,11811,12454.1103515625
2222,11796,3816.50048828125
2223,11887,15799.1572265625
2224,11969,23377.056640625
2225,11960,14934.0205078125
2226,12026,34694.921875
2227,12115,21631.630859375
2228,12083,134.1619110107422
2229,12152,820.625244140625
2230,12297,14131.044921875
2231,12347,116.99794006347656
2232,12383,548.2285766601562
2233,12380,21898.40625
2234,12392,2566.83837890625
2235,12449,24603.052734375
2236,12454,41768.55078125
2237,12505,50859.58984375
2238,12477,16123.72265625
2239,12529,19774.5625
2240,12518,1526.3680419921875
2241,12555,15729.572265625
2242,12641,73896.4765625
2243,12664,12193.5654296875
2244,12694,10709.85546875
2245,12697,14149.1015625
2246,12742,8453.798828125
2247,12714,10200.7900390625
2248,12762,3824.388671875
2249,12724,1625.150634765625
